{
  "min_x": -34.287768774744606,
  "max_x": 26.58164851814685,
  "min_y": -26.560628484058988,
  "max_y": 27.170762059814205,
  "cell_size": 0.05,
  "unknown_label": 255
}